response,effect_type,predictor,effect,bias,std_err,lower_ci,upper_ci
EMF.0.5,total,mulch,-0.04786233031694745,0.07070929906760316,0.09761394650937266,-0.14974627202723712,0.02555364046047669
EMF.0.5,total,biochar,0.18798391774636938,-0.06803626036687656,0.08079383537535638,0.09642664478603345,0.2757938844053641
